{
  "small_702k": {
    "path": "/home/mike/sapu-psi-logs/best_702k_cnn3_membrane_transformer.pt",
    "epoch": 65,
    "accuracy": 0.4145447137909961,
    "parameters": {
      "encoder": 145344,
      "backbone": 33984,
      "decoder": 522312,
      "other": 0,
      "total": 701640
    },
    "reservoir_dim": 64,
    "tau_count": 8,
    "state_units": 512,
    "weight_sparsity": 0.949951171875,
    "nonzero_shared_weights": 205,
    "shared": {
      "stable_rank": 2.326783174621781,
      "effective_rank": 5.7975490548978525,
      "top1_energy": 0.42977790578297015,
      "top5_energy": 0.8911700614547269,
      "top16_energy": 0.9966626634789553,
      "top64_energy": 0.9999999999999999,
      "spectral_radius": 0.003131766881968918,
      "non_normality": 0.7124808705416291,
      "reciprocity": -0.00039404718017829683,
      "row_norm_cv": 1.6648788646511765,
      "top_edge_reciprocity": 0.05955334987593052
    },
    "shared_shuffle": {
      "stable_rank": {
        "mean": 3.6800070410536994,
        "std": 0.4825672099875976,
        "z": -2.804218435120566
      },
      "effective_rank": {
        "mean": 11.748010936947015,
        "std": 1.2152077478353278,
        "z": -4.896662231333557
      },
      "top1_energy": {
        "mean": 0.27833491423000944,
        "std": 0.05186586685690239,
        "z": 2.9198970484922384
      },
      "spectral_radius": {
        "mean": 0.011849706710015949,
        "std": 0.009450985362125852,
        "z": -0.9224371315803273
      },
      "non_normality": {
        "mean": 0.5015931693901591,
        "std": 0.06027262193623418,
        "z": 3.498897084228061
      },
      "reciprocity": {
        "mean": -0.001483808930574088,
        "std": 0.03132599253118519,
        "z": 0.03478778044497481
      },
      "row_norm_cv": {
        "mean": 1.229460504069788,
        "std": 0.04853835984376135,
        "z": 8.97060308553778
      },
      "top_edge_reciprocity": {
        "mean": 0.09290322580645162,
        "std": 0.020076421502578115,
        "z": -1.6611464312122792
      }
    },
    "raw_operator": {
      "stable_rank": 18.614265396974247,
      "effective_rank": 46.38039243918284,
      "top1_energy": 0.05372223822287127,
      "top5_energy": 0.26861119111435633,
      "top16_energy": 0.6416105984835992,
      "top64_energy": 0.9635140189673119
    },
    "tau_scaled_operator": {
      "stable_rank": 3.2651951087708015,
      "effective_rank": 13.099039842713474,
      "top1_energy": 0.3062604122227951,
      "top5_energy": 0.6920492693091571,
      "top16_energy": 0.9218231201538443,
      "top64_energy": 0.9968478586007338
    }
  },
  "large_2048": {
    "path": "/home/mike/sapu-psi-logs/best.pt",
    "epoch": 61,
    "accuracy": 0.39386840497046244,
    "parameters": {
      "encoder": 288768,
      "backbone": 340800,
      "decoder": 1021000,
      "other": 0,
      "total": 1650568
    },
    "reservoir_dim": 256,
    "tau_count": 8,
    "state_units": 2048,
    "weight_sparsity": 0.0,
    "nonzero_shared_weights": 65536,
    "shared": {
      "stable_rank": 2.0222620563526172,
      "effective_rank": 17.365544886382548,
      "top1_energy": 0.49449575383104166,
      "top5_energy": 0.6418081904208678,
      "top16_energy": 0.7690989931176078,
      "top64_energy": 0.9028380132539999,
      "spectral_radius": 7.8556798480870045,
      "non_normality": 0.6939933097077599,
      "reciprocity": 0.05401734850601985,
      "row_norm_cv": 0.3050951406991994,
      "top_edge_reciprocity": 0.09313725490196079
    },
    "shared_shuffle": {
      "stable_rank": {
        "mean": 62.76295592164384,
        "std": 1.3667331723544711,
        "z": -44.44224746565069
      },
      "effective_rank": {
        "mean": 154.7923418365656,
        "std": 0.4355183954603845,
        "z": -315.5476287170599
      },
      "top1_energy": {
        "mean": 0.015940464128457225,
        "std": 0.00034798193449898967,
        "z": 1375.2302699034908
      },
      "spectral_radius": {
        "mean": 3.6253123557644504,
        "std": 0.22978584077464698,
        "z": 18.410044231016446
      },
      "non_normality": {
        "mean": 0.08849192285867997,
        "std": 0.0004912281798436366,
        "z": 1232.6275480405411
      },
      "reciprocity": {
        "mean": -0.0005032966975898393,
        "std": 0.00511909983573674,
        "z": 10.65043600497842
      },
      "row_norm_cv": {
        "mean": 0.044319560447443694,
        "std": 0.002012031954665994,
        "z": 129.60807090911516
      },
      "top_edge_reciprocity": {
        "mean": 0.10006127450980394,
        "std": 0.004403091097453099,
        "z": -1.5725360785399711
      }
    },
    "raw_operator": {
      "spectral_norm": 87.99223771909307,
      "stable_rank": 3.3473934724942853,
      "effective_rank": 60.13593282077061,
      "spectral_entropy": 0.5372868538335144,
      "top1_energy": 0.2987399026188748,
      "top5_energy": 0.49751283232252785,
      "top16_energy": 0.6643261980705318,
      "top64_energy": 0.7767856388380627
    },
    "tau_scaled_operator": {
      "spectral_norm": 31.456677651914454,
      "stable_rank": 3.074052529200409,
      "effective_rank": 36.72932777787961,
      "spectral_entropy": 0.47262368971970886,
      "top1_energy": 0.32530348473261445,
      "top5_energy": 0.5754533821771816,
      "top16_energy": 0.7111826227261772,
      "top64_energy": 0.8371459971010313
    }
  },
  "large_cross": {
    "spectral_norm": 305.244103180867,
    "stable_rank": 1.011969400990366,
    "effective_rank": 1.0819818292038694,
    "spectral_entropy": 0.014209533844575342,
    "top1_energy": 0.9881721710373338,
    "top5_energy": 0.9990260548743539,
    "top16_energy": 1.0000000000000002,
    "top64_energy": 1.0000000000000002,
    "factor_shuffle": {
      "stable_rank": {
        "mean": 4.682975925879046,
        "std": 0.25124097599277473,
        "min": 4.065701375022254,
        "max": 5.415748103370147
      },
      "effective_rank": {
        "mean": 13.47349205141296,
        "std": 0.20895753206575418,
        "min": 12.745611968296316,
        "max": 14.0220873549309
      },
      "top1_energy": {
        "mean": 0.21414287871595533,
        "std": 0.011397136816563203,
        "min": 0.18464669717147913,
        "max": 0.2459600220870935
      }
    },
    "strength_ratio_to_shared": 0.6131818469320767
  },
  "large_tau_mix": {
    "spectral_norm": 2.5709328874179476,
    "stable_rank": 1.1363568651033842,
    "effective_rank": 1.7057357513958693,
    "spectral_entropy": 0.2567980550052019,
    "top1_energy": 0.880005243695185,
    "top5_energy": 0.9928034146413443,
    "top16_energy": 1.0,
    "top64_energy": 1.0,
    "shuffle": {
      "stable_rank": {
        "mean": 2.278692459234963,
        "std": 0.2602870220511385,
        "min": 1.478415341327056,
        "max": 3.098170424364461
      },
      "effective_rank": {
        "mean": 4.357097772017706,
        "std": 0.37105899657663904,
        "min": 2.9463916309410303,
        "max": 5.257929410426366
      },
      "top1_energy": {
        "mean": 0.44473564399012105,
        "std": 0.053037224493301366,
        "min": 0.32277114006894364,
        "max": 0.6763999074186957
      }
    },
    "incoming_absolute_strength": [
      1.2141245072707534,
      1.5855504646897316,
      0.589831804856658,
      1.6692385524511337,
      2.828317880630493,
      0.6970555000007153,
      1.991743117570877,
      5.617618143558502
    ],
    "outgoing_absolute_strength": [
      2.3804641366004944,
      2.0812990330159664,
      1.9964266261085868,
      2.101604599505663,
      2.1079328539781272,
      2.2466217884793878,
      1.9598527341149747,
      1.3192781992256641
    ]
  }
}