{
  "checkpoint": "/home/mike/sapu-psi-logs/best.pt",
  "epoch": 61,
  "best_val_accuracy": 0.39386840497046244,
  "shared": {
    "spectral_norm": 34.12134043012062,
    "stable_rank": 2.0222620563526172,
    "effective_rank": 17.365544886382548,
    "spectral_entropy": 0.5147694717997464,
    "top1_energy": 0.49449575383104166,
    "top5_energy": 0.6418081904208678,
    "top16_energy": 0.7690989931176078,
    "top64_energy": 0.9028380132539999,
    "non_normality": 0.6939933097077599,
    "spectral_radius": 7.8556798480870045,
    "reciprocity": 0.05401734850601985,
    "top_edge_reciprocity": 0.09313725490196079,
    "shuffle": {
      "stable_rank": {
        "mean": 62.54534534908091,
        "std": 1.618354745465668,
        "z": -37.39790887152698
      },
      "effective_rank": {
        "mean": 154.6916756430796,
        "std": 0.45204662974072135,
        "z": -303.7875336786886
      },
      "top1_energy": {
        "mean": 0.01599918754714103,
        "std": 0.00042157140369460653,
        "z": 1135.0308917787308
      },
      "spectral_radius": {
        "mean": 3.5801926838998623,
        "std": 0.24013430390734172,
        "z": 17.804566422283767
      },
      "non_normality": {
        "mean": 0.08858635342674331,
        "std": 0.00041963215563382784,
        "z": 1442.7086870084765
      },
      "reciprocity": {
        "mean": -0.00012749521493527486,
        "std": 0.005295021639739018,
        "z": 10.225613303371471
      },
      "row_norm_cv": {
        "mean": 0.0445541538766415,
        "std": 0.0018150283076514072,
        "z": 143.54651424676138
      },
      "top_edge_reciprocity": {
        "mean": 0.09951593137254902,
        "std": 0.004644202170234921,
        "z": -1.373470886230945
      }
    }
  },
  "cross_neuron": {
    "spectral_norm": 305.244103180867,
    "stable_rank": 1.011969400990366,
    "effective_rank": 1.0819818292038694,
    "spectral_entropy": 0.014209533844575342,
    "top1_energy": 0.9881721710373338,
    "top5_energy": 0.9990260548743539,
    "top16_energy": 1.0000000000000002,
    "top64_energy": 1.0000000000000002,
    "factor_shuffle": {
      "stable_rank": {
        "mean": 4.682975925879046,
        "std": 0.25124097599277473,
        "min": 4.065701375022254,
        "max": 5.415748103370147
      },
      "effective_rank": {
        "mean": 13.47349205141296,
        "std": 0.20895753206575418,
        "min": 12.745611968296316,
        "max": 14.0220873549309
      },
      "top1_energy": {
        "mean": 0.21414287871595533,
        "std": 0.011397136816563203,
        "min": 0.18464669717147913,
        "max": 0.2459600220870935
      }
    },
    "strength_ratio_to_shared": 0.6131818469320767
  },
  "tau_mix": {
    "spectral_norm": 2.5709328874179476,
    "stable_rank": 1.1363568651033842,
    "effective_rank": 1.7057357513958693,
    "spectral_entropy": 0.2567980550052019,
    "top1_energy": 0.880005243695185,
    "top5_energy": 0.9928034146413443,
    "top16_energy": 1.0,
    "top64_energy": 1.0,
    "shuffle": {
      "stable_rank": {
        "mean": 2.278692459234963,
        "std": 0.2602870220511385,
        "min": 1.478415341327056,
        "max": 3.098170424364461
      },
      "effective_rank": {
        "mean": 4.357097772017706,
        "std": 0.37105899657663904,
        "min": 2.9463916309410303,
        "max": 5.257929410426366
      },
      "top1_energy": {
        "mean": 0.44473564399012105,
        "std": 0.053037224493301366,
        "min": 0.32277114006894364,
        "max": 0.6763999074186957
      }
    },
    "incoming_absolute_strength": [
      1.2141245072707534,
      1.5855504646897316,
      0.589831804856658,
      1.6692385524511337,
      2.828317880630493,
      0.6970555000007153,
      1.991743117570877,
      5.617618143558502
    ],
    "outgoing_absolute_strength": [
      2.3804641366004944,
      2.0812990330159664,
      1.9964266261085868,
      2.101604599505663,
      2.1079328539781272,
      2.2466217884793878,
      1.9598527341149747,
      1.3192781992256641
    ]
  },
  "full_operator": {
    "raw": {
      "spectral_norm": 87.99223771909307,
      "stable_rank": 3.3473934724942853,
      "effective_rank": 60.13593282077061,
      "spectral_entropy": 0.5372868538335144,
      "top1_energy": 0.2987399026188748,
      "top5_energy": 0.49751283232252785,
      "top16_energy": 0.6643261980705318,
      "top64_energy": 0.7767856388380627
    },
    "raw_structured_null": {
      "stable_rank": {
        "mean": 160.39903682527972,
        "std": 16.526317037831507,
        "min": 135.2936169334776,
        "max": 192.66542121783894
      },
      "effective_rank": {
        "mean": 1212.6435123707429,
        "std": 3.64092685638103,
        "min": 1209.2160519653426,
        "max": 1219.8902306050052
      },
      "top1_energy": {
        "mean": 0.006293296496455917,
        "std": 0.0006389937224118812,
        "min": 0.005190344970462244,
        "max": 0.0073913317026012325
      },
      "top5_energy": {
        "mean": 0.01786283796400991,
        "std": 0.0009839536887821985,
        "min": 0.015952302659682477,
        "max": 0.019248508225833263
      }
    },
    "tau_scaled": {
      "spectral_norm": 31.456677651914454,
      "stable_rank": 3.074052529200409,
      "effective_rank": 36.72932777787961,
      "spectral_entropy": 0.47262368971970886,
      "top1_energy": 0.32530348473261445,
      "top5_energy": 0.5754533821771816,
      "top16_energy": 0.7111826227261772,
      "top64_energy": 0.8371459971010313
    },
    "tau_scaled_structured_null": {
      "stable_rank": {
        "mean": 78.13296099177923,
        "std": 6.574936688507471,
        "min": 67.02067254696479,
        "max": 86.93844196605298
      },
      "effective_rank": {
        "mean": 354.299290744476,
        "std": 2.1652002645401183,
        "min": 350.5836537351371,
        "max": 356.53661012245385
      },
      "top1_energy": {
        "mean": 0.012883822273096554,
        "std": 0.0011266796885810381,
        "min": 0.011502391547233754,
        "max": 0.014920769398415827
      },
      "top5_energy": {
        "mean": 0.05314581939724833,
        "std": 0.001270938284732785,
        "min": 0.05147931644963503,
        "max": 0.05606268577427215
      }
    }
  }
}